[
  "/images/galleries/amsterdam/amsterdam-20.jpg",
  "/images/galleries/iceland/iceland-39.jpg",
  "/images/galleries/glacier-national-park/glacier-national-park-44.jpg",
  "/images/galleries/amsterdam/amsterdam-18.jpg",
  "/images/galleries/nice/nice-15.jpg",
  "/images/galleries/iceland/iceland-22.jpg",
  "/images/galleries/perpignan/perpignan-8.jpg",
  "/images/galleries/glacier-national-park/glacier-national-park-30.jpg",
  "/images/galleries/amsterdam/amsterdam-10.jpg",
  "/images/galleries/saint-marks-summit/saint-marks-summit-7.jpg",
  "/images/galleries/iceland/iceland-5.jpg",
  "/images/galleries/nice/nice-28.jpg",
  "/images/galleries/glacier-national-park/glacier-national-park-15.jpg",
  "/images/galleries/a-walk-downtown/a-walk-downtown-3.jpg",
  "/images/galleries/perpignan/perpignan-12.jpg"
]
